Round,Total profit,Profit per km
1,70731,131.42,64403,54.81106382978724
3,127215,69.83,90538,42.4464,220896,1074,121675,37.89317969479913
5,153325,35.806865950490426
6,150385,30.87987679671458
7,249639,49.738792588164976
8,300353,51.51852487135506
9,299373,49.680219050779954
10,2911,511043,11,400627,6011,351380,50.18212,467692,64.12,348440,45.9013,538423,69.12607523430479
14,536478,65.60014673514307
15,601563,68.41385192766974
16,637906,65.09244897959184
17,674249,62.39002498380679
18,739334,64.72894414288216
19,795474,65.42264988897114
20,841789,64.60391404451266
21,878132,62.558381420531454
22,875802,60.38764393573744
23,874222,58.9933193872731
24,927062,59.42324209986539
25,924732,57.554739528225554
26,1011741,61.755539278520416
27,1059302,61.455125601902886
28,1133773,63.968235161363125
29,1208244,66.34693317225853
30,1206299,64.85478494623656
31,1282383,67.26372934697089
32,1335223,67.27580994608758
33,1332893,65.61773248658494
34,1394532,66.48543504171633
35,1447519,66.53730176970811
36,1514584,67.7878530188426
37,1585315,69.28521480704515
38,1616452,67.46742351517175
39,1640477,65.26923689026816
40,1686792,64.86414151124784
41,1685667,64.26484940907358
42,1724136,63.36871508379888
43,1776610,63.46168958742633
44,1809287,62.27753683051081
45,1841964,61.176525291441095
46,1839009,59.90257328990228
47,1905854,60.907417468281615
48,1938531,59.927383454927664
49,1971208,59.00936985481216
50,2038053,59.94978821037769
51,2035723,59.07152805989205
52,2106234,60.17295660371968
53,2128206,58.780478373750206
54,2166675,58.26901355421687
55,2205144,57.78376395367119
56,2227116,56.57604470976756
57,2273431,56.502410776419126
58,2340496,57.33137370174407
59,2411007,58.28615979692977
60,2432979,57.155116519451234
61,2528786,59.133523524459825
62,2604796,60.25436039787185
63,2603216,59.78082946768934
64,2601636,59.31412156308422
65,2672367,60.18844594594594
66,2743098,61.04183541768659
67,2775775,60.349494510272855
68,2799800,59.35552257790969
69,2846115,59.24345871234987
70,2916626,60.03511588654234
71,3003635,61.42654096282057
72,3002055,61.0000203194213
73,3078065,61.95783011272142
74,3114408,61.443920531891806
75,3113283,61.15027891263357
76,3151752,60.73910194642513
77,3204226,60.82779960893749
78,3236903,60.23938288606841
79,3235323,59.857964847363554
80,3273792,59.4932034600567
81,3272812,59.264305374474866
82,3325652,59.38028068421241
83,3401736,60.238635759947584
84,3400991,60.06695513952667
85,3500245,61.65768289030985
86,3599499,63.24008222354967
87,3597919,62.86331551175874
88,3691600,64.24755042726117
89,3690475,63.97744608556965
90,3784156,65.34659552055811
91,3856134,65.99578983398939
92,3855389,65.81520681472882
93,3926120,66.41270700475329
94,4007776,67.35078815581622
95,4072861,67.74439879576188
96,4070531,67.18489114826613
97,4132170,67.46510147104442
98,4185157,67.4709732544455
99,4216807,66.82736925515056
100,4214862,66.38727968624487
101,4265576,66.33866251944012
102,4318563,66.35775968039336
103,4381375,66.66121473998113
104,4379795,66.31832773083795
105,4466804,67.31372253533861
106,4465224,66.97099319074901
107,4541234,67.6382782246053
108,4608592,68.0496131356683
109,4605362,67.35939739651894
110,4699043,68.50416211094102
111,4735386,68.03520013792708
112,4831193,69.21678271583713
113,4830213,69.00895791067806
114,4827883,68.51948623332387
115,4898394,68.9904930916466
116,4968905,69.45437645019709
117,5039636,69.91725860155383
118,5087197,69.75069240683358
119,5174206,70.63762457337884
120,5172626,70.31272598754859
121,5220187,70.1449475947326
122,5218242,69.75420069777701
123,5268956,69.67675218196244
124,5321430,69.64584396717578
125,5354107,69.11735774036973
126,5441116,69.95520699408588
127,5503928,70.17988932241859
128,5535578,69.63253959268903
129,5606309,70.04821640532268
130,5604729,69.75307090142002
131,5667541,69.97223353951381
132,5664311,69.3790159597271
133,5740395,69.91273688312954
134,5796535,69.96843502927153
135,5820560,69.27588669364437
136,5851697,68.76421302498296
137,5849752,68.42855638869068
138,5900466,68.37314885628868
139,5952940,68.35781133375438
140,5949985,67.86332633788038
141,6017343,68.1774643099932
142,6014113,67.64574944323218
143,6061674,67.53201871657754
144,6132405,67.91296595716406
145,6130825,67.65869512437372
146,6129245,67.40619157593754
147,6127665,67.15543695066086
148,6180505,67.15896248967705
149,6276312,68.055083275150,56150,6327026,68.00694362336755
151,6326281,67.890206473152,58152,6413290,68.591336898153,5931797,62.68211934526011
154,5984637,62.72218204684798
155,6037477,62.76159339688348
156,6073820,62.4852886712481
157,6072695,62.329439899824486
158,6120256,62.27176622610217
159,6180355,62.449275508760586
160,6202327,61.918627519492055
161,6201202,61.76865151303863
162,6277286,62.238233573602756
163,6328000,62.24058227599095
164,6380474,62.27465180514753
165,6413151,61.95443128465715
166,6411571,61.75065973225465
167,6450040,61.54148538279521
168,6545847,62.33902517999314
169,6544867,62.21356463878327
170,6583336,62.00282544406563
171,6581756,61.80400773752512
172,6580176,61.606366445089414
173,6667185,62.23685193137054
174,6665605,62.03910016567078
175,6664025,61.84250821284731
176,6662445,61.64706589929123
177,6660865,61.45276317003414
178,6747874,62.0745313046198
179,6810686,62.28222620528202
180,6807746,61.9223758413680161181,6806166,61.730572485851111182,6859006,61.771699778454221183,6926364,62.051961082940636
184,6923424,61.70059709473309
185,6956101,61.41330661181103
186,6980126,60.992694989601716
187,7004151,60.580632605931655
188,7056625,60.62184289199684
189,7118264,60.80556267404712
190,7116684,60.62840980729584
191,7164245,60.59275516763084
192,7238716,60.97147140823598
193,7237736,60.86273850267829
194,7236756,60.754363430298454
195,7273099,60.547601605034885
196,7295071,60.12834123222749
197,7390878,60.81975954773249
198,7486685,61.50895109146627
199,7539672,61.54985020041307
200,7607030,61.80507145700798
201,7606050,61.69885704551538
202,7658524,61.730429455764764
203,7689661,61.44748365856387
204,7764132,61.80206799385492
205,7831490,62.04978884900922
206,7887630,62.13178416699488
207,7886885,62.0530846033407
208,7885305,61.88678726994467
209,7932866,61.845543350302876
210,7930921,61.64343453185966
211,7930176,61.56634344406748
212,7928596,61.40343703290661
213,7967065,61.237538527759206
214,8019539,61.27023867734246
215,8016584,60.9723529993383
216,8092594,61.3330857554284
217,8163105,61.61484987092976
218,8161980,61.5019101656984
219,8160400,61.34393769685853
220,8158820,61.186713963237665
221,8234904,61.542688030611025
222,8334158,62.21517352583292
223,8395797,62.36710271209859
224,8394817,62.26916144345955
225,8469288,62.595438352722056
226,8467343,62.40165523137128
227,8466229,9425919,69.8386939228,8537230,9464388,69.61924307624408
231,9463408,69.5118149230,863232,9516248,69.500726685231,86233,9554717,69.2867854475312
234,9650524,69.8822132269233,235,9648194,69.63037751780779
236,9735203,70.09845260982581
237,9733623,69.927964366236,8719960,61.908670093431404
237,8766275,61.85499177973935
238,8763335,61.57876060178061
239,8839345,61.91014659223825
240,8913816,62.2195108331472
241,8973915,62.341799412283684
242,9026389,62.36536681083919
243,9023434,62.091408911061414
244,90246,10159886,70.282905705245,91247,10191023,69.97646856868198
248,10238584,69.89319334557544
249,10286145,69.81088344882349
250,10284200,69.61389543226925
251,10305952,69.19625616028146
252,10327704,68.78532608695652
253,10378418,68.75173396045179
254,10430892,68.74096822237746
255,10497737,68.91308514898282
256,10573747,69.20036780345421
257,10660756,69.6258106651863
258,10713596,69.61536612149685
259,10711266,69.39011291565984
260,10743943,69.12844550250934
261,10810788,69.29503688842453
262,10808458,69.07378081123744
263,10895467,69.4894988934455
264,10933936,69.3025714484918
265,10955908,68.91635110143797
266,11002223,68.83057336795021
267,10999283,68.55997830870207
268,11070014,68.77023811742488
269,11068069,68.59239588497769
270,11149725,68.9322654235884
271,11180862,68.66712523107347
272,11213539,68.42363501012912
273,11300548,68.82185140073082
274,11363360,68.93318612523204
275,11360420,68.67040632518103
276,11358840,68.52995475113123
277,11411680,68.52544856243846
278,11476765,68.66270408682178
279,11476020,68.59709736036726
280,11575274,69.12881244587776
281,11674528,69.65958208527752
282,11741593,69.81480182183587
283,11787908,69.72906721560695
284,11834223,69.64421152986041
285,11831283,69.38680562071877
286,11829703,69.24920387758448
287,11882543,69.241553522522
288,11880213,69.04049954671191
289,11878633,68.90478096431389
290,11877053,68.76955902448063
291,11875473,6290,10967419,62.292,11938285,68291,11020259,62293,11969935,68.50101006632673
294,11967990,68.3293,11114721,62.84332029129727
294,11112776,62.694431123873784
295,11134528,62.392639205643874
296,11131573,62.17019268360793
297,11198931,62.34304752997762
298,11195991,62.12333122482272
299,11283000,62.496538124937686
300,11376681,62.937000381715286
301,11447192,63.138110576710936
302,11517923,63.34027892346103
303,11578022,63.43252705108889
304,11577042,63.35912128326793
305,11576062,63.2858728275666
306,1157308,12369291,67.86134534462043
309,12367711,67.73524692067978
310,12415272,67.67918099309,117311,12489743,67.90487141310,117312,12487413,67.72062843011778
313,12485833,67.312,1292312,11810162,63.41401102883929
313,11807207,63.19759674570465
314,11316,12618676,67.7694736842315,11828199,62.83940838021771
316,11864542,62.69706609735991
317,11863562,62.627021833692304
318,11914276,62.62661963909316
319,11936028,62.34573176146127
320,11933073,62.138476359091854
321,11932093,62.070023304687986
322,11931113,62.0323,13346020,6323,11997958,62.1324,13378697,6324,11995003,61.9325,13445542,69.8890864105123
326,13443212,69326,12015995,61.616379420859126
327,12086506,61328,13480101,69.328,12084926,61329,13479121,69.329,12083346,61330,13553592,69.56731869812705
331,13597047,69.46590067284161
332,13643362,69.3937276204427
333,13710720,69.5297983691022
334,13763560,69.52205845211998
335,13857241,69.91579674973133
336,13893584,69.7448068833268
337,13960942,69.87808198608539
338,13957712,69.63675188089964
339,14005273,69.57758954741915
340,14076004,69.74257288384169
341,14108681,69.54028636912537
342,14130433,69.23594377018095
343,14129688,69.18178613396005
344,14128108,69.06718942490076
345,14204192,69.28164431936241
346,14203447,69.22769898133255
347,14274178,69.3904855426138
348,14272233,69.25007642032635
349,14271488,69.196351,13877044,66.86604187245524
352,13901069,66.60470988452877
353,13898129,66.40354422880296
354,13930806,66.22521927218274
355,13961943,66.03483372983403
356,14032674,66.20091427600946
357,14119683,66.51223579399587
358,14172523,66.51611919143564
359,14239368,66.64498736310026
360,14263393,66.39231503246678
361,14260453,66.1974487403852
362,14258873,66.0931634984866
363,14311713,66.09849852901104
364,14379071,66.23095276479123
365,14410721,66.05089927398063
366,14441858,65.86816204037326
367,14438903,65.67765016261457
368,14475246,65.54274355677104
369,14545757,65.70107004286496
370,14544177,65.60030039375938
371,14542597,65.49981758810945
372,14575274,65.33594821635094
373,14572319,65.15010305222356
374,14569989,65.00425628739309
375,14656998,65.30038537791539
376,14733082,65.50365463275831
377,14732337,65.45697985950974
378,14765014,65.29551665885391
379,14796151,65.12275752187462
380,14870622,65.31053928350264
381,14945093,65.49751948040564
382,14943148,65.3775391898218
383,15024804,65.62310662310662
384,15072365,65.58620164483703
385,15119926,65.5495699372247
386,15190657,65.70296537227186
387,15277666,65.98910667853039
388,15316135,65.87698282981212
389,15377774,65.95430566397036
390,15464783,66.23770955224137
391,15558464,66.57479920752763
392,15557339,66.50595492553137
393,15595808,66.39282764727419
394,15594828,66.33330781206135
395,15647668,66.33740885195863
396,15723752,66.52881169476824
397,15774466,66.51514614852671
398,15826940,66.51567812459287
399,15858077,66.34595704979897
400,15928808,66.49221277430613
401,15961485,66.33592529175117
402,15994162,66.18100491159542
403,15992582,66.08805358921273
404,16079591,66.36095416933205
405,16150322,66.50519883216728
406,16197883,66.46730571160089
407,16245444,66.42967724523719
408,16277094,66.26887656643135
409,16344159,66.38300231509687
410,16431168,66.65085224276547
411,16507252,66.83341498273217
412,16557966,66.81933963406269
413,16608680,66.80535611573006
414,16707934,67.16433378088293
415,16706354,67.07278041416745
416,16800035,67.38801779360858
417,16798910,67.32274534320797
418,16846471,67.28307546069605
419,16844526,67.17094879391955
420,16843781,67.12809261916149
421,16914292,67.2640767355574
422,16950635,67.13973652106405
423,17046442,67.46684133869486
424,17098916,67.46438562088925
425,17120668,67.2303058623953
426,17142420,66.99843275502906
427,17173557,66.83852324074398
428,17171612,66.72992655345277
429,17170867,66.68841730781928
430,17241598,66.82349612622424
431,17239653,66.71537425601572
432,17238908,66.67404614105315
433,17271585,66.52845400058548
434,17304262,66.38404259808416
435,17302682,66.29761097381076
436,17378766,66.4707056798623
437,17378021,66.42999782109258
438,17376441,66.34381765076456
439,17439253,66.41981482398376
440,17463278,66.21499529832863
441,17460323,66.0557680448838
442,17496666,65.9420428591888
443,17567177,66.07306817113304
444,17654186,66.32149847290104
445,17652606,66.23693186295294
446,17651026,66.15256555844137
447,17649446,66.06839884853953
448,17647866,65.98443102578004
449,17646286,65.90066138603508
450,17717017,66.03213831813319
451,17715072,65.9293035303575
452,17714327,65.88999319315447
453,17785058,66.02096627503387
454,17859529,66.17777687199857
455,17895872,66.06592611461205
456,17932215,65.95490389354362
457,17985055,65.95953687268033
458,17983475,65.87739574480555
459,18053986,66.00488437985558
460,18052861,65.94652420091325
461,18051281,65.86472236614539
462,18049701,65.78310895029557
463,18088170,65.6891705403835
464,18149809,65.75493620073762
465,18236818,65.9946080524575
466,18289658,65.99905456120092
467,18287328,65.87986425828392
468,18285748,65.79926736763319
469,18361832,65.96267517342214
470,18361087,65.9247116862227
471,18448096,66.1620473977162
472,18541777,66.44440741497257
473,18612288,66.5680298142333
474,18688298,66.72866916133455
475,18753383,66.81434307518553
476,18804097,66.80200717609861
477,18857084,66.8051298402239
478,18854144,66.65586265900204
479,18924655,66.77742335011767
480,18968110,66.71653025405456
481,19028209,66.7675197900292
482,19066678,66.67370003846557
483,19153687,66.90402953689667
484,19240696,67.133851124556
485,19288257,67.09985876099299
486,19348356,67.14938276318027
487,19347376,67.1003381483344
488,19345046,66.9839993628831
489,19415777,67.10390579907997
490,19463338,67.07032216490404
491,19461758,66.99192796092376
492,19561012,67.2990662565627
493,19642668,67.48967692503273
494,19690229,67.45516116765616
495,19737790,67.42084678314632
496,19768927,67.27946486609741
497,19792952,67.0929330730014
498,19839267,67.05196042977028
499,19875610,66.94694259749534
500,19928450,66.94858029751266
501,19966919,66.85814978268586
502,20019393,66.85767099818658
503,20043418,66.67626277411114
504,20040478,66.53633514389301
505,20073155,66.41176431664863
506,20140000,66.502885974297
507,20137670,66.39303023309485
508,20136090,66.31872764519508
509,20229771,66.57793128869083
510,20276086,66.53961971895696
511,20322401,66.50152654020216
512,20368716,66.46364989036233
513,20400366,66.33510332157316
514,20474837,66.47199550681445
515,20550847,66.6179786571925
516,20650101,66.9074057873813
517,20731757,67.08741982875227
518,20779318,67.05601523170259
519,20777738,66.98261099433907
520,20848249,67.09290815062255
521,20847124,67.04074452827034
522,20923208,67.18495185067448
523,20922463,67.1504319973297
524,21021717,67.43673750902238
525,21077857,67.45734521317792
526,21074917,67.32124900175691
527,21174171,67.60612581777082
528,21195923,67.41598575086275
529,21262768,67.50170795819629
530,21315608,67.50187790156376
531,21363169,67.47002513959423
532,21361224,67.38110093653101
533,21411938,67.36872939162828
534,21433910,67.18356920087137
535,21432785,67.13269748794086
536,21526466,67.37864375479288
537,21525341,67.32770635888774
538,21612350,67.53310668508183
539,21682861,67.63909260778559
540,21754839,67.75350994119992
541,21776591,67.56747255611336
542,21809268,67.4476590454336
543,21807688,67.3769275211869
544,21901369,67.61935768713028
545,21923341,67.43672157369384
546,21975815,67.43488440601199
547,22008492,67.31681445162553
548,22041169,67.19950548177417
549,22093643,67.19825234273061
550,22115615,67.01985841823593
551,22186126,67.12349066793332
552,22184546,67.05460293855394
553,22223015,66.97290105207325
554,22244987,66.79694856827136
555,22243862,66.74847336376104
556,22282331,66.66825540725316
557,22335318,66.67119791526744
558,22332378,66.54562195503509
559,22402889,66.64828819287432
560,22401764,66.60036092174776
561,22454604,66.6026107616056
562,22519689,66.67403584815163
563,22601345,66.83881566301046
564,22644800,66.78759028717886
565,22681143,66.69668944669239
566,22678813,66.59857574956685
567,22749544,66.70090421851361
568,22824015,66.82383510708378
569,22821685,66.7259758903693
570,22854362,66.6156442558252
571,22851407,66.49248841181486
572,22887750,66.40366605159628
573,22959728,66.51195694052961
574,22981480,66.34318986844802
575,23012617,66.22697931685474
576,23083348,66.32783842261486
577,23116025,66.22060811972177
578,23140050,66.06704905910333
579,23207408,66.14906722533385
580,23303215,66.38506285769633
581,23355689,66.38571363602772
582,23388366,66.27946439957492
583,23386786,66.21569066029429
584,23480467,66.43860775969395
585,23516810,66.35238119422272
586,23514480,66.25868933666582
587,23601489,66.44469813206459
588,23599909,66.38119548493619
589,23670640,66.47954412049688
590,23718201,66.45373242218692
591,23771041,66.45617355568291
592,23768711,66.36320258207901
593,23767131,66.30029541644234
594,23829943,66.35593654541759
595,23882930,66.35935238105823
596,23933644,66.3507487926723
597,23932899,66.3212881342781
598,24019908,66.5041655245737
599,24018328,66.44166032725211
600,24016748,66.37926431203032
601,24015168,66.3169771930842
602,24047845,66.21394389620689
603,24071870,66.06635214170639
604,24103520,65.95933557726514
605,24151081,65.93539712354348
606,24213893,65.9904968250075
607,24245543,65.88444868356336
608,24327199,66.03653465077771
609,24408855,66.1882997676115
610,24452310,66.14292013016346
611,24451185,66.09964748563179
612,24544866,66.31256365851748
613,24566838,66.15690657130085
614,24619825,66.16062742863899
615,24616885,66.04836199726329
616,24615305,65.98817508699126
617,24668145,65.99148493344177
618,24704488,65.91115083441164
619,24703363,65.86860868174061
620,24766175,65.92253903525817
621,24763235,65.81170902055418
622,24761655,65.7522902891739
623,24824467,65.80619824194933
624,24821527,65.69600395951554
625,24892258,65.78952960392428
626,24935713,65.74625334852033
627,24972056,65.66772290870651
628,24969726,65.58123153291574
629,25040457,65.67420262639561
630,25038512,65.6021714980402
631,25120168,65.74910289194658
632,25118223,65.67714211007974
633,25190201,65.77574019964958
634,25189076,65.73418302905041
635,25251888,65.78719368906998
636,25319246,65.86247028036605
637,25316916,65.77667501532898
638,25349593,65.6811988112419
639,25371345,65.53278402706925
640,25393097,65.38529100501853
641,25424234,65.28425247599752
642,25455371,65.18377176921875
643,25488048,65.09126755096099
644,25558779,65.18234331007467
645,25556834,65.11278697379115
646,25628812,65.20961167568228
647,25700790,65.30618001082473
648,25722542,65.16176608427128
649,25753679,65.06296690220728
650,25785329,64.96714269157314
651,25816979,64.8718342383452
652,25860434,64.8327788627629
653,25930945,64.92149867307596
654,25929365,64.86622420797727
655,25976926,64.84666616740309
656,25974981,64.77890612725355
657,26046959,64.87411955168119
658,26083302,64.80210778942975
659,26080972,64.72138828159703
660,26079392,64.66675758575116
661,26077812,64.61221243542573
662,26148323,64.70019003033558
663,26147198,64.66140746987297
664,26194759,64.64250478129435
665,26192814,64.57571484218987
666,26257899,64.63816960384413
667,26255569,64.55837667047787
668,26253989,64.5043721177069
669,26347670,64.69877417517115
670,26419648,64.79262894321863
671,26418903,64.76713507523792
672,26518157,64.9867223781108
673,26517412,64.9611762746078
674,26550089,64.8732447020361
675,26547134,64.77248860564302
676,26614492,64.84443859700416
677,26681557,64.91483952275293
678,26679977,64.8611294792629
679,26727538,64.8421325880532
680,26809194,64.97891091004719
681,26885278,65.08996048885359
682,26932839,65.07056984503578
683,26976294,65.0325786139263
684,26975169,64.99461252852156
685,27022730,64.9755104101796
686,27020785,64.91012059190929
687,27020040,64.88510646472749
688,27096050,64.99490279326929
689,27093720,64.91675072658921
690,27164451,65.00243120945491
691,27162506,64.93733026049038
692,27234484,65.0284115193322
693,27270827,64.95899870419422
694,27346837,65.06782826768693
695,27345257,65.0151855215669
696,27343677,64.96262181823366
697,27414408,65.04752142592751
698,27412463,64.98292721665273
699,27484441,65.07318603472851
700,27483316,65.03587663605364
701,27546128,65.08501936285687
702,27577778,64.99532882084543
703,27648509,65.07950955884776
704,27719240,65.16347736141803
705,27717295,65.09937313425824
706,27716550,65.0748500885147
707,27803559,65.23073945297654
708,27866371,65.27916744752623
709,27863431,65.18249553182929
710,27861851,65.13065238531595
711,27914691,65.13510404465123
712,27951034,65.0670177129382
713,27987377,64.99924984904082
714,28061848,65.09857632340216
715,28121947,65.13479328314997
716,28174421,65.13759747721004
717,28207098,65.05417049128909
718,28277829,65.13647692406917
719,28275884,65.07368803809253
720,28326598,65.0689542693852
721,28377312,65.06423810539204
722,28428026,65.05953944808836
723,28478740,65.0548582001759
724,28477995,65.03102207282708
725,28545060,65.09676124624289
726,28607872,65.14403344658292
727,28646341,65.08668199561035
728,28684810,65.0295848598063
729,28747622,65.07667685342388
730,28744682,64.98352391157893
731,28743102,64.93356436404054
732,28790663,64.91576927586425
733,28788718,64.85450003041247
734,28810470,64.72764730860048
735,28843147,64.64754124081047
736,28913658,64.72709485763407
737,28912533,64.69199151537391
738,29006214,64.86894583708859
739,29005089,64.83380646257287
740,29098770,65.01051159403129
741,29097645,64.97533640297794
742,29145206,64.95766693411785
743,29205305,64.99267852493418
744,29227277,64.86791502243844
745,29273592,64.84535383674799
746,29270652,64.7544980919197
747,29303329,64.67555321111851
748,29300374,64.58478683986043
749,29376384,64.68588692008395
750,29374804,64.63743164889813
751,29468485,64.81148280109088
752,29538996,64.88935264410034
753,29537416,64.84087132329536
754,29600228,64.8867406282128
755,29597288,64.79677562717423
756,29673298,64.89697465428213
757,29747769,64.99062535501743
758,29778906,64.90578942550381
759,29802931,64.7922200457849
760,29799991,64.70311682390108
761,29798411,64.65532534428627
762,29892092,64.82694217815427
763,29890967,64.79288623569627
764,29929436,64.73902952354378
765,29951408,64.61840901637929
766,29997723,64.59694476326652
767,30021748,64.48551630516498
768,30043500,64.3655037663573
769,30099640,64.38411896445142
770,30096700,64.29696062073666
771,30167211,64.3731963382626
772,30189183,64.25513533532127
773,30227652,64.20336823056385
774,30303736,64.30146241268386
775,30359876,64.31999966102629
776,30412863,64.32595871766291
777,30411883,64.29723101382908
778,30409553,64.22902493373182
779,30480284,64.30534628148517
780,30540383,64.3394294213316
781,30593370,64.34532322654462
782,30590430,64.25966927426876
783,30660941,64.33467482191004
784,30659816,64.3019567542627
785,30753497,64.46800968482397
786,30825475,64.54839851242576
787,30907131,64.6667106047767
788,30905186,64.61005489887819
789,30986842,64.72812461486079
790,31034403,64.71203372972433
791,31032823,64.66612974142153
792,31065500,64.591953425512
793,31062545,64.50654253739557
794,31129390,64.5661146739897
795,31126435,64.48094455826633
796,31124105,64.41393533379278
797,31223359,64.59942938481973
798,31222614,64.5779803800309
799,31293345,64.65233200764423
800,31340906,64.636550562099
801,31403718,64.67991967457907
802,31466530,64.72317353359209
803,31519370,64.72774579887587
804,31586728,64.78837093389835
805,31633043,64.76765941589818
806,31676498,64.73601625119043
807,31674553,64.68062126945296
808,31673808,64.65942644368957
809,31744539,64.73272307573095
810,31742594,64.67745215298818
811,31741849,64.6563047428157
812,31828858,64.79183223137804
813,31891670,64.83443587439571
814,31888730,64.75105689141938
815,31921407,64.6785907496672
816,31952544,64.60057782081894
817,31950599,64.54588227213408
818,32015684,64.59710948486848
819,32013354,64.53173334515921
820,32112608,64.7123707268316
821,32111863,64.6914451484231
822,32110283,64.6471076160507
823,32203964,64.80635748582284
824,32202839,64.77476460874061
825,32201259,64.73044242130634
826,32271770,64.80171001269056
827,32342281,64.87282293214909
828,32340701,64.82856283764144
829,32403513,64.87046931899398
830,32400573,64.78831791305322
831,32433250,64.71687458595727
832,32457275,64.61332268962099
833,32454335,64.5319325776119
834,32541344,64.66430991485092
835,32604156,64.70606353484256
836,32660296,64.72281210737627
837,32659551,64.70223093031042
838,32758805,64.87971266507697
839,32834889,64.97056478181807
840,32928570,65.12693678476917
841,32974885,65.10638192849824
842,32971945,65.02508554130141
843,32970365,64.98147348836476
844,32968785,64.93791572532436
845,32967205,64.89441215087015
846,32965625,64.85096266394402
847,33052634,64.98173382221393
848,33105474,64.98570747133545
849,33103144,64.92174632717061
850,33101564,64.87844001183828
851,33177648,64.96835162941524
852,33176903,64.94794282951237
853,33175323,64.9046991131571
854,33173743,64.86150883264412
855,33244254,64.93069086477239
856,33290569,64.91072539274315
857,33322219,64.83704065470933
858,33353356,64.76178604159871
859,33384493,64.68684580715916
860,33432054,64.67198635065809
861,33470523,64.62414128659306
862,33530622,64.65491728836176
863,33574077,64.62531110507989
864,33572952,64.5951699298116
865,33571372,64.55288235972772
866,33642103,64.62203658100876
867,33673753,64.55003651740854
868,33726740,64.55508575956696
869,33822547,64.71418840704493
870,33887632,64.76251194434889
871,33969288,64.87033871925661
872,34016849,64.85539453539828
873,34079661,64.8952221179132
874,34146726,64.95020514059311
875,34217237,65.01741855065194
876,34216112,64.98749674740695
877,34214532,64.94551639177782
878,34285263,65.01338372298083
879,34355994,65.0811127212798
880,34354414,65.03918699156209
881,34401975,65.02409911825579
882,34462074,65.05371233114613
883,34484046,64.94769950522742
884,34520389,64.89307238541389
885,34518059,64.83189901281685
886,34588790,64.8991672952293
887,34619927,64.82646805482736
888,34616972,64.74927940953667
889,34614642,64.68853684472161
890,34690652,64.77417596062462
891,34688322,64.71351736566491
892,34686742,64.67244404254724
893,34734303,64.65816764364789
894,34732358,64.6077628220868
895,34808442,64.69333318464909
896,34902123,64.84032971810106
897,34948438,64.82148348601221
898,35015503,64.87512066061804
899,35048180,64.80874417985406
900,35072205,64.71256658591174
901,35139563,64.76706054523706
902,35214034,64.84611446670596
903,35245684,64.77664300115234
904,35312749,64.82983996666049
905,35399758,64.95189673678706
906,35438227,64.90600978400822
907,35490701,64.90855737225209
908,35487746,64.83307665185039
909,35563756,64.91667412022188
910,35634267,64.98121186480859
911,35633142,64.95251028521535
912,35680703,64.9381170865054
913,35755174,65.01602708639425
914,35752844,64.95674860558493
915,35751264,64.91660825891641
916,35749684,64.87651394993485
917,35820415,64.94146814605315
918,35818470,64.89217691573259
919,35840222,64.79002485651014
920,35837267,64.71554230487246
921,35834937,64.65692525873641
922,35921946,64.77698233516305
923,35969507,64.76301309681996
924,36017068,64.7490867514238
925,36015488,64.70948592455244
926,36013908,64.66993003979256
927,36066748,64.67399716678322
928,36134106,64.72699882132505
929,36131166,64.65363376410507
930,36129586,64.6142700274341
931,36177147,64.6006639143447
932,36208284,64.53204298775597
933,36205329,64.458881464746
934,36202999,64.40130250628394
935,36201419,64.36231183206718
936,36264231,64.40002024474835
937,36331296,64.45181719966578
938,36418305,64.5699744509435
939,36456774,64.52629156924624
940,36509248,64.52928180311005
941,36533273,64.4379216619367
942,36600338,64.48932852428283
943,36598758,64.45065923287025
944,36692439,64.59003981819527
945,36762950,64.6525905564847
946,36795627,64.58999262743997
947,36826764,64.5225542173741
948,36901235,64.59791332965715
949,36898905,64.54118426967472
950,36969416,64.6033845229025
951,36968291,64.57602838192626
952,36966711,64.5376444893705
953,37033776,64.5884254971825
954,37030836,64.51713594288194
955,37063513,64.45536897462028
956,37060558,64.38405745487016
957,37058228,64.32793191258898
958,37056648,64.28992416711341
959,37132732,64.36999362068009
960,37154484,64.27333021952359
961,37187161,64.21244562936972
962,37185581,64.17470053137237
963,37184001,64.13699657961325
964,37182421,64.09933370684826
965,37180841,64.06171184597969
966,37179261,64.02413093005595
967,37242073,64.0610317655538
968,37295060,64.0662185445594
969,37317032,63.97176241480039
970,37315907,63.94516939960004
971,37378719,63.98197727860159
972,37441531,64.01870384523974
973,37480000,63.97749521619716
974,37479020,63.95442530804895
975,37555030,64.03321096756483
976,37553450,63.99603618894734
977,37606290,64.0007930686481
978,37603960,63.94611406717376
979,37602380,63.909084883228836
980,37600800,63.87209545277727
981,37667865,63.92217072785804
982,37734930,63.97214616903868
983,37821939,64.0853212827929
984,37915620,64.21957093931972
985,37951963,64.17167529290022
986,37949633,64.11721483614049
987,38020364,64.17838110655164
988,38051501,64.11427391974658
989,38073253,64.02083231741665
990,38095005,63.92776893038679
991,38126142,63.86448905751401
992,38200613,63.93707654919394
993,38267458,63.98566371770198
994,38264503,63.917560059734
995,38262173,63.86395546801976
996,38349182,63.97544024716567
997,38411994,64.01124179695442
998,38436019,63.92610647360446
999,38433064,63.85842272467467
1000,38485904,63.86323946700297
1001,38484324,63.82714869988357
1002,38583578,63.975954037092
1003,38582833,63.95891712143013
1004,38653344,64.01839065230173
1005,38723855,64.07775770031407
1006,38810864,64.18817085151214
1007,38863704,64.19253944343139
1008,38931062,64.24182849071299
1009,38998127,64.29011566182434
1010,39068638,64.348965719434
1011,39067513,64.32327508141768
1012,39105982,64.28310155505145
1013,39167621,64.31443739101022
1014,39238132,64.37303356777126
1015,39274475,64.32638604536893
1016,39272145,64.27351329588751
1017,39270565,64.23770553479942
1018,39318126,64.22578432045162
1019,39349776,64.16522925951111
1020,39346836,64.09897612589498
1021,39408475,64.13022959868643
1022,39430447,64.0406148998717
1023,39466790,63.99497662623213
1024,39519630,63.99950445263879
1025,39518050,63.96421258791062
1026,39516470,63.92895680689045
1027,39514890,63.89373705426657
1028,39547567,63.8374683617862
1029,39614412,63.88442416081407
1030,39612082,63.832696543933636
1031,39610502,63.79766362741735
1032,39658063,63.78652986581013
1033,39728794,63.84504772051958
1034,39761471,63.78920661098687
1035,39785496,63.70765779398272
1036,39782556,63.64302683297898
1037,39853287,63.70135400166553
1038,39927758,63.77074781908726
1039,39925428,63.71960164703629
1040,39923848,63.68496209897654
1041,39971409,63.67408841099164
1042,40045880,63.743268861910394
1043,40043550,63.69231576754048
1044,40041970,63.65780683890312
1045,40135651,63.78392324757964
1046,40171994,63.73967514529925
1047,40239352,63.78744362630482
1048,40236412,63.7233866995659
1049,40307143,63.781060856603496
1050,40305198,63.73874911046098
1051,40304453,63.72255608309262
1052,40337130,63.66782099767029
1053,40361155,63.587811214514495
1054,40414142,63.59314315566528
1055,40464856,63.59179157722034
1056,40464111,63.57573400830517
1057,40496788,63.52158336575021
1058,40520813,63.44234018002108
1059,40552463,63.38560647978817
1060,40612562,63.41184810221451
1061,40665036,63.41585418343096
1062,40697713,63.36236904504275
1063,40796967,63.5021667055802
1064,40796222,63.48628304743705
1065,40866953,63.54315332503028
1066,40937684,63.59992853536335
1067,40970361,63.54634328682305
1068,41001498,63.488484229107634
1069,41072229,63.545070147969824
1070,41070649,63.51157478999913
1071,41157658,63.615039104763675
1072,41156078,63.58154229286138
1073,41208918,63.586355346115745
1074,41284928,63.657867469285044
1075,41351993,63.70351946907563
1076,41349053,63.641342424428984
1077,41419784,63.697461622925054
1078,41490515,63.75348803618953
1079,41552154,63.78331987633892
1080,41647961,63.91115684090023
1081,41645631,63.86191345151199
1082,41644051,63.82856096230128
1083,41696891,63.833040424483094
1084,41694561,63.78397054234156
1085,41765072,63.83900340097061
1086,41763947,63.81533654213462
1087,41811508,63.804750161756985
1088,41809563,63.76393068097418
1089,41808818,63.748308281567816
1090,41807238,63.715199692756926
1091,41805658,63.68212297821391
1092,41804078,63.64907809193197
1093,41802498,63.61606498799281
1094,41800918,63.58308362056639
1095,41863730,63.616115659779844
1096,41860790,63.55486020016519
1097,41947799,63.656420910144895
1098,42034808,63.75788426302314
1099,42033228,63.7249440573435
1100,42080789,63.7145571709329
1101,42078844,63.67410913570009
1102,42078099,63.6586287965434
1103,42154109,63.72869340944756
1104,42221467,63.774219616159606
1105,42218527,63.713191595963984
1106,42317781,63.84862164539525
1107,42368495,63.84701338469004
1108,42367515,63.8266846442399
1109,42463322,63.95213453295702
1110,42514036,63.95040290494693
1111,42595692,64.03576142612742
1112,42666423,64.09025812498874
1113,42699100,64.03766754001688
1114,42751574,64.04077786832202
,43273552,65.46431980636133
1113,43270597,65.40137632705375
1114,43269617,65.38052649392878
1115,43322091,65.38206517063865
1116,43346116,65.30252164140204
1117,43408928,65.33356611781704
1118,43502609,65.4523978966215
1119,43538952,65.4079789439527
663855
1124,44353123,67.61641553040467
1125,44429133,67.68420884253631
1126,44428388,67.66771403375436
1127,44500366,67.72360170936008
1128,44499241,67.69870822576155
1129,44498116,67.6738317785436
1130,44496991,67.6489723502234
1131,44590672,67.76821461789577
1132,44662650,67.8239021790135
1133,44734628,67.87950169188049
1134,44806606,67.93501336515295
1135,44805861,67.91854024556616
1136,44805116,67.90207456554454
1137,44886772,67.98574453454664
1138,44957503,68.0374332602879
1139,45033513,68.10443528995435
1140,45032533,68.08277268617769
1141,45085007,68.08110083430859
1142,45117684,68.02187304947218
1143,45188415,68.07329547166401
6105307323
1143,45972929,69.57804670225309
1144,45971349,69.54239662357898
1145,46047433,69.60852733099529
1146,46119411,69.66246954493755
1147,46118286,69.63710352033775
1148,46116706,69.60150743606074
1149,46115126,69.56594528871712
1150,46162687,69.54809477033591
1151,46233418,69.59824474250703
1703033414624
1151,41861767,63.86088342753408
1152,41859822,63.820043786895646
1153,41941478,63.9066362127891
1154,41939533,63.865817853999346
1155,41938788,63.8501958646897
1156,42009519,63.905537072785606
1157,42007574,63.864786137150745
1158,42006829,63.84918993109969
1159,42093838,63.95072490630075
1160,42156650,63.98335632728205
1161,42188300,63.92747825559899
1162,42248399,63.952358606951314
1163,42300873,63.95559940127909
1164,42367718,63.99947734217924
1165,42404061,63.95708799893817
1166,42426033,63.87433059675314
1167,42476747,63.87269443717651
1168,42558403,63.95806952394835
1169,42632874,64.02312966850779
1170,42728681,64.14812473915093
1171,42788780,64.17254944306717
1172,42832235,64.15017066379906
1173,42854207,64.06764490424435
